af,Afghanistan,0,$3.99,$7.99,$9.99
ax,Åland Islands,0,$11.03,$16.26,$20.91
al,Albania,0,$5.80,$9.29,$11.61
dz,Algeria,0,$3.99,$7.99,$9.99
as,American Samoa,0,$7.99,$17.99,$24.99
ad,Andorra,0,$10.45,$16.26,$23.24
ao,Angola,$2.99,$3.99,$7.99,$9.99
ai,Anguilla,0,$10.99,$15.49,$19.99
aq,Antarctica,0,$11.99,$17.99,$24.99
ag,Antigua & Barbuda,0,$10.99,$15.49,$19.99
ar,Argentina,0,$5.30,$8.84,$11.79
am,Armenia,0,$9.29,$11.61,$13.94
aw,Aruba,0,$10.99,$15.49,$19.99
au,Australia,0,$6.51,$13.67,$18.88
at,Austria,0,$10.45,$16.26,$23.24
az,Azerbaijan,0,$9.29,$11.61,$13.94
bs,Bahamas,0,$10.99,$15.49,$19.99
bh,Bahrain,0,$7.99,$10.49,$15.79
bd,Bangladesh,$2.99,$3.99,$7.99,$9.99
bb,Barbados,0,$10.59,$15.29,$18.79
by,Belarus,0,$9.29,$11.61,$13.94
be,Belgium,0,$11.61,$17.43,$23.24
bz,Belize,0,$3.99,$5.99,$7.99
bj,Benin,$2.99  msonth,$3.99,$7.99,$9.99
bm,Bermuda,0,$10.99,$15.49,$19.99
bt,Bhutan,$2.99,$3.99,$7.99,$9.99
bo,Bolivia,0,$3.99,$5.99,$7.99
ba,Bosnia & Herzegovina,0,$5.08,$9.29,$11.61
bw,Botswana,$2.99,$3.99,$7.99,$9.99
bv,Bouvet Island,0,$7.99,$9.99,$11.99
br,Brazil,0,$3.81,$8.19,$59.90
io,British Indian Ocean Territory,$2.99,$3.99,$7.99,$9.99
vg,British Virgin Islands,0,$10.99,$15.49,$19.99
bn,Brunei,$6.49,$10.99,$13.99,$17.99
bg,Bulgaria,0,$5.08,$9.29,$11.61
bf,Burkina Faso,$2.99,$3.99,$7.99,$9.99
bi,Burundi,$2.99,$3.99,$7.99,$9.99
kh,Cambodia,$2.99,$3.99,$7.99,$9.99
cm,Cameroon,$2.99,$3.99,$7.99,$9.99
ca,Canada,0,$5.69,$13.53,$17.09
cv,Cape Verde,$2.99,$3.99,$7.99,$9.99
bq,Caribbean Netherlands,0,$10.99,$15.49,$19.99
ky,Cayman Islands,0,$10.99,$15.49,$19.99
cf,Central African Republic,$2.99,$3.99,$7.99,$9.99
td,Chad,$2.99,$3.99,$7.99,$9.99
cl,Chile,0,$7.48,$10.39,$13.51
cx,Christmas Island,0,$3.99,$7.99,$9.99
cc,Cocos (Keeling) Islands,0,$8.46,$12.36,$16.92
co,Colombia,0,$4.85,$7.68,$11.53
km,Comoros,$2.99,$3.99,$7.99,$9.99
cg,Congo - Brazzaville,$2.99,$3.99,$7.99,$9.99
cd,Congo - Kinshasa,$2.99,$3.99,$7.99,$9.99
ck,Cook Islands,0,$10.28,$14.86,$19.43
cr,Costa Rica,0,$8.99,$12.99,$15.99
ci,Côte d’Ivoire,$2.99,$3.99,$7.99,$9.99
hr,Croatia,0,$6.96,$11.61,$15.10
cu,Cuba,0,$3.99,$5.99,$7.99
cw,Curaçao,0,$10.99,$15.49,$19.99
cy,Cyprus,0,$10.45,$14.52,$18.59
cz,Czechia,0,$11.43,$14.76,$18.12
dk,Denmark,0,$13.85,$20.08,$26.31
dj,Djibouti,$2.99,$3.99,$7.99,$9.99
dm,Dominica,0,$3.99,$5.99,$7.99
do,Dominican Republic,0,$6.99,$9.99,$13.99
ec,Ecuador,0,$5.99,$8.99,$11.99
eg,Egypt,0,$2.1,$3.56,$5.03
sv,El Salvador,0,$5.99,$8.99,$12.49
gq,Equatorial Guinea,$2.99,$3.99,$7.99,$9.99
er,Eritrea,$2.99,$3.99,$7.99,$9.99
ee,Estonia,0,$9.29,$11.61,$13.94
sz,Eswatini,$2.99,$3.99,$7.99,$9.99
et,Ethiopia,$2.99,$3.99,$7.99,$9.99
fk,Falkland Islands,0,$11.99,$17.99,$24.99
fo,Faroe Islands,0,$13.85,$20.08,$26.31
fj,Fiji,$2.99,$3.99,$7.99,$9.99
fi,Finland,0,$11.03,$16.26,$20.91
fr,France,0,$9.29,$17.43,$25.56
gf,French Guiana,0,$13.94,$17.43,$25.56
pf,French Polynesia,$6.49,$10.99,$13.99,$17.99
tf,French Southern Territories,0,$9.29,$17.43,$25.56
ga,Gabon,$2.99,$3.99,$7.99,$9.99
gm,Gambia,$2.99,$3.99,$7.99,$9.99
ge,Georgia,0,$10.92,$13.71,$16.26
de,Germany,0,0,$16.26,$23.24
gh,Ghana,$2.99,$3.99,$7.99,$9.99
gi,Gibraltar,0,$10.45,$16.26,$23.24
gr,Greece,0,$10.45,$14.52,$18.59
gl,Greenland,0,$13.85,$20.08,$26.31
gd,Grenada,0,$3.99,$5.99,$7.99
gp,Guadeloupe,0,$13.94,$17.43,$25.56
gu,Guam,0,$7.99,$17.99,$24.99
gt,Guatemala,0,$5.99,$8.99,$12.49
gg,Guernsey,0,$6.97,$17.36,$25.37
gn,Guinea,$2.99,$3.99,$7.99,$9.99
gw,Guinea-Bissau,$2.99,$3.99,$7.99,$9.99
gy,Guyana,0,$3.99,$5.99,$7.99
ht,Haiti,0,$3.99,$5.99,$7.99
hm,Heard & McDonald Islands,0,$11.99,$17.99,$24.99
hn,Honduras,0,$6.99,$9.99,$13.99
hk,Hong Kong,0,$9.39,$11.32,$13.89
hu,Hungary,0,$8.59,$11.86,$15.13
is,Iceland,0,$11.61,$17.43,$24.40
in,India,$1.69,$2.25,$5.65,$7.35
id,Indonesia,$3.26,$3.92,$7.24,$11.22
ir,Iran,0,$3.99,$7.99,$9.99
iq,Iraq,0,$3.99,$7.99,$9.99
ie,Ireland,0,$12.78,$19.75,$27.89
im,Isle of Man,0,$6.97,$17.36,$25.37
il,Israel,0,$9.98,$16.65,$21.20
it,Italy,0,$8.13,$16.26,$23.24
jm,Jamaica,0,$4.99,$6.99,$9.99
jp,Japan,0,$5.89,$10.53,$15.16
je,Jersey,0,$6.97,$17.36,$25.37
jo,Jordan,0,$3.99,$7.99,$9.99
kz,Kazakhstan,0,$9.29,$11.61,$13.94
ke,Kenya,$1.56,$2.33,$5.45,$8.56
ki,Kiribati,$2.99,$3.99,$7.99,$9.99
kw,Kuwait,0,$8.99,$11.99,$17.99
kg,Kyrgyzstan,0,$9.29,$11.61,$13.94
la,Laos,$2.99,$3.99,$7.99,$9.99
lv,Latvia,0,$9.29,$11.61,$13.94
lb,Lebanon,0,$3.99,$7.99,$9.99
ls,Lesotho,$2.99,$3.99,$7.99,$9.99
lr,Liberia,$2.99,$3.99,$7.99,$9.99
ly,Libya,0,$3.99,$7.99,$9.99
li,Liechtenstein,0,$18.63,$28.63,$36.26
lt,Lithuania,0,$9.29,$11.61,$13.94
lu,Luxembourg,0,$11.61,$17.43,$23.24
mo,Macau,0,$7.99,$9.99,$11.99
mg,Madagascar,$2.99,$3.99,$7.99,$9.99
mw,Malawi,$2.99,$3.99,$7.99,$9.99
my,Malaysia,$4.47,$7.07,$11.81,$14.88
mv,Maldives,$6.49,$10.99,$13.99,$17.99
ml,Mali,$2.99,$3.99,$7.99,$9.99
mt,Malta,0,$10.45,$16.26,$23.24
mh,Marshall Islands,0,$7.99,$17.99,$24.99
mq,Martinique,0,$13.94,$17.43,$25.56
mr,Mauritania,$2.99,$3.99,$7.99,$9.99
mu,Mauritius,$2.99,$3.99,$7.99,$9.99
yt,Mayotte,0,$13.94,$17.43,$25.56
mx,Mexico,0,$6.45,$13.50,$17.83
fm,Micronesia,0,$7.99,$17.99,$24.99
md,Moldova,0,$9.29,$11.61,$13.94
mc,Monaco,0,$13.94,$17.43,$25.56
mn,Mongolia,$2.99,$3.99,$7.99,$9.99
me,Montenegro,0,$5.08,$9.29,$11.61
ms,Montserrat,0,$10.99,$15.49,$19.99
ma,Morocco,0,$3.83,$7.11,$10.39
mz,Mozambique,$2.99,$3.99,$7.99,$9.99
mm,Myanmar (Burma),$2.99,$3.99,$7.99,$9.99
na,Namibia,$2.99,$3.99,$7.99,$9.99
nr,Nauru,$6.49,$10.99,$13.99,$17.99
np,Nepal,$2.99,$3.99,$7.99,$9.99
nl,Netherlands,0,$10.45,$16.26,$22.08
nc,New Caledonia,$6.49,$10.99,$13.99,$17.99
nz,New Zealand,0,$10.28,$14.86,$19.43
ni,Nicaragua,0,$4.99,$6.99,$9.99
ne,Niger,$2.99,$3.99,$7.99,$9.99
ng,Nigeria,$1.71,$2.74,$4.46,$5.83
nu,Niue,0,$10.28,$14.86,$19.43
nf,Norfolk Island,0,$8.46,$12.36,$16.92
mp,Northern Mariana Islands,0,0,$17.99,$24.99
mk,North Macedonia,0,$5.08,$9.29,$11.61
no,Norway,0,$9.80,$12.77,$18.72
om,Oman,0,$8.39,$10.49,$15.79
pk,Pakistan,$0.89,$1.60,$2.84,$3.90
pw,Palau,0,$7.99,$17.99,$24.99
ps,Palestine,0,$3.99,$7.99,$9.99
pa,Panama,0,$5.99,$9.99,$13.99
pg,Papua New Guinea,$2.99,$3.99,$7.99,$9.99
py,Paraguay,0,$3.99,$5.99,$7.99
pe,Peru,0,$8.48,$12.01,$15.53
ph,Philippines,$2.91,$4.80,$7.73,$10.66
pn,Pitcairn Islands,$2.99,$3.99,$7.99,$9.99
pl,Poland,0,$9.02,$13.40,$18.32
pt,Portugal,0,$10.45,$15.10,$20.91
pr,Puerto Rico,0,$7.99,$17.99,$24.99
qa,Qatar,0,$8.99,$11.99,$17.99
re,Réunion,0,$12.78,$15.68,$20.91
ro,Romania,0,$6.96,$12.78,$16.26
rw,Rwanda,$2.99,$3.99,$7.99,$9.99
ws,Samoa,$2.99,$3.99,$7.99,$9.99
sm,San Marino,0,$8.13,$16.26,$23.24
st,São Tomé & Príncipe,$2.99,$3.99,$7.99,$9.99
sa,Saudi Arabia,0,$9.33,$13.06,$18.93
sn,Senegal,$2.99,$3.99,$7.99,$9.99
rs,Serbia,0,$5.08,$9.29,$11.61
sc,Seychelles,$2.99,$3.99,$7.99,$9.99
sl,Sierra Leone,$2.99,$3.99,$7.99,$9.99
sg,Singapore,0,$12.34,$17.74,$23.15
sx,Sint Maarten,0,$10.99,$15.49,$19.99
sk,Slovakia,0,$11.03,$13.36,$16.26
si,Slovenia,0,$5.08,$9.29,$11.61
sb,Solomon Islands,$2.99,$3.99,$7.99,$9.99
so,Somalia,$2.99,$3.99,$7.99,$9.99
za,South Africa,$3.41,$5.73,$10.35,$13.25
gs,South Georgia & South Sandwich Islands,0,$11.99,$17.99,$24.99
kr,South Korea,0,$4.92,$9.50,$11.96
ss,South Sudan,$2.99,$3.99,$7.99,$9.99
es,Spain,0,$8.13,$16.26,$23.24
lk,Sri Lanka,$2.99,$3.99,$7.99,$9.99
bl,St. Barthélemy,0,$3.99,$5.99,$7.99
sh,St. Helena,$2.99,$3.99,$7.99,$9.99
kn,St. Kitts & Nevis,0,$10.99,$15.49,$19.99
lc,St. Lucia,0,$3.99,$5.99,$7.99
mf,St. Martin,0,$3.99,$5.99,$7.99
pm,St. Pierre & Miquelon,0,$13.94,$17.43,$25.56
vc,St. Vincent & Grenadines,0,$3.99,$5.99,$7.99
sd,Sudan,0,$3.99,$7.99,$9.99
sr,Suriname,0,$3.99,$5.99,$7.99
sj,Svalbard & Jan Mayen,0,$9.80,$12.77,$18.72
se,Sweden,0,$11.49,$15.71,$20.99
ch,Switzerland,0,$17.51,$27.52,$36.27
tw,Taiwan,0,$9.49,$12.43,$15.05
tj,Tajikistan,0,$10.92,$13.71,$16.26
tz,Tanzania,$2.99,$3.99,$7.99,$9.99
th,Thailand,$3.05,$5.20,$10.75,$12.90
tl,Timor-Leste,$2.99,$3.99,$7.99,$9.99
tg,Togo,$2.99,$3.99,$7.99,$9.99
tk,Tokelau,0,$10.28,$14.86,$19.43
to,Tonga,$2.99,$3.99,$7.99,$9.99
tt,Trinidad and Tobago,0,$10.99,$15.49,$19.99
tn,Tunisia,0,$3.99,$7.99,$9.99
tr,Türkiye,0,$4.54,$6.93,$9.08
tm,Turkmenistan,0,$9.29,$11.61,$13.94
tc,Turks & Caicos Islands,0,$10.99,$15.49,$19.99
tv,Tuvalu,$2.99,$3.99,$7.99,$9.99
um,U.S. Outlying Islands,0,$11.99,$17.99,$24.99
vi,U.S. Virgin Islands,0,$7.99,$17.99,$24.99
ug,Uganda,$2.99,$3.99,$7.99,$9.99
ua,Ukraine,0,$5.08,$8.71,$11.61
ae,United Arab Emirates,0,$9.53,$13.34,$19.33
gb,United Kingdom,0,$6.77,$17.36,$25.37
us,United States,0,$7.99,$17.99,$24.99
uy,Uruguay,0,$11.99,$16.99,$21.99
uz,Uzbekistan,0,$9.29,$11.61,$13.94
vu,Vanuatu,$2.99,$3.99,$7.99,$9.99
va,Vatican City,0,$8.13,$16.26,$23.24
ve,Venezuela,0,$3.99,$5.99,$7.99
vn,Vietnam,$2.81,$4.33,$8.77,$10.36
wf,Wallis & Futuna,$2.99,$3.99,$7.99,$9.99
eh,Western Sahara,0,$7.99,$9.99,$11.99
ye,Yemen,0,$3.99,$7.99,$9.99
zm,Zambia,$2.99,$3.99,$7.99,$9.99
zw,Zimbabwe,$2.99,$3.99,$7.99,$9.99
